{"name":"a","password":"1","remainingLives":0,"remainingTime":0,"coins":0,"totalScore":0,"killedEnemy":0,"Score":0,"place":false,"runningGames":[{"remainingLives":2,"remainingTime":247,"coins":4,"totalScore":637,"place":false,"killedEnemy":0,"Score":350},{"remainingLives":2,"remainingTime":268,"coins":3,"totalScore":458,"place":false,"killedEnemy":0,"Score":150},{"remainingLives":2,"remainingTime":279,"coins":3,"totalScore":469,"place":false,"killedEnemy":0,"Score":150}],"highestScore":637,"PathJsonFile":"./src/1.json"}